{"cameraMode":{"drawMode":0,"name":"Shaded","section":"Shading Mode"},"sceneLighting":false,"audioPlay":false,"sceneViewState":{"m_AlwaysRefresh":false,"showFog":true,"showSkybox":false,"showFlares":true,"showImageEffects":true,"showParticleSystems":true,"showVisualEffectGraphs":true,"m_FxEnabled":true},"in2DMode":false,"pivot":{"x":4.031384468078613,"y":-1.3526442050933838,"z":29.654399871826173},"rotation":{"x":0.6851692199707031,"y":0.00001650996091484558,"z":0.00002563793350418564,"w":0.728423535823822},"size":16.365612030029298,"orthographic":false}